<?xml version="1.0" encoding="UTF-8"?>
<ti:app xmlns:ti="http://ti.appcelerator.org">
	<id>br.com.selfview</id>
	<name>SelfView</name>
	<version>1.0</version>
	<publisher>not specified</publisher>
	<url>fatecsp.br</url>
	<description>not specified</description>
	<copyright>not specified</copyright>
	<icon>appicon.png</icon>
	<fullscreen>false</fullscreen>
	<navbar-hidden>false</navbar-hidden>
	<analytics>true</analytics>
	<guid>9bf24051-f25c-4d37-b4c1-ff2f52135395</guid>
	<property name="ti.ui.defaultunit" type="string">dp</property>
	<ios>
		<plist>
			<dict>
				<key>UISupportedInterfaceOrientations~iphone</key>
				<array>
					<string>UIInterfaceOrientationPortrait</string>
				</array>
				<key>UISupportedInterfaceOrientations~ipad</key>
				<array>
					<string>UIInterfaceOrientationPortrait</string>
					<string>UIInterfaceOrientationPortraitUpsideDown</string>
					<string>UIInterfaceOrientationLandscapeLeft</string>
					<string>UIInterfaceOrientationLandscapeRight</string>
				</array>
				<key>UIRequiresPersistentWiFi</key>
				<false/>
				<key>UIPrerenderedIcon</key>
				<false/>
				<key>UIStatusBarHidden</key>
				<false/>
				<key>UIStatusBarStyle</key>
				<string>UIStatusBarStyleDefault</string>
			</dict>
		</plist>
	</ios>
	<android xmlns:android="http://schemas.android.com/apk/res/android">
		<manifest>
			<uses -sdk android:minSdkVersion="14" android:targetSdkVersion="22"></uses>
			<application android:theme="@style/Theme.NoActionBar"></application>
		</manifest>
	</android>
	<mobileweb>
		<precache>
		</precache>
		<splash>
			<enabled>true</enabled>
			<inline-css-images>true</inline-css-images>
		</splash>
		<theme>default</theme>
	</mobileweb>
	<modules>
	</modules>
	<deployment-targets>
		<target device="android">true</target>
		<target device="blackberry">false</target>
		<target device="mobileweb">false</target>
		<target device="tizen">false</target>
	</deployment-targets>
	<sdk-version>3.2.3.GA</sdk-version>
</ti:app>